kickoff_utc,gameweek,event,oddalerts_source,home_team,away_team,oddalerts_home_win_prob,oddalerts_home_decimal_odds,oddalerts_home_xgf,oddalerts_home_clean_sheet_prob,oddalerts_away_win_prob,oddalerts_away_decimal_odds,oddalerts_away_xgf,oddalerts_away_clean_sheet_prob,raw_cache_path,model_match_found,model_home_win_prob,model_draw_prob,model_away_win_prob,model_home_decimal_odds,model_draw_decimal_odds,model_away_decimal_odds,model_expected_home_goals,model_expected_away_goals,model_feature_set,home_win_prob_delta_oddalerts_minus_model,away_win_prob_delta_oddalerts_minus_model
2026-10-10T11:30:00+00:00,GW6,6,odds,Arsenal,Leeds,0.6855,1.46,2.12,0.5046,0.1196,8.36,0.77,0.1514,/root/football-data-cache/oddalerts/fpl-fixture-ticker/20260927T071539+0000_5c39c2810b59197f.json,True,0.765564481690837,0.1467401895838822,0.0876953287252806,1.3062256987045497,6.814765626484095,11.403115930298377,2.595566010063512,0.7693801983447961,pl_oaw_xg_hl5,-0.08006448169083702,0.031904671274719396
2026-10-10T14:00:00+00:00,GW6,6,odds,Aston Villa,Brentford,0.3739,2.67,1.48,0.2636,0.3537,2.83,1.49,0.2678,/root/football-data-cache/oddalerts/fpl-fixture-ticker/20260927T071539+0000_5c39c2810b59197f.json,True,0.5616433276426436,0.2262248249447888,0.2121318474125675,1.7804894152259374,4.420381362850229,4.714049362211684,1.852800267883384,1.04950575321742,pl_oaw_xg_hl5,-0.18774332764264356,0.14156815258743252
2026-10-10T14:00:00+00:00,GW6,6,odds,Chelsea,Bournemouth,0.5266,1.9,1.97,0.3102,0.2367,4.22,1.31,0.173,/root/football-data-cache/oddalerts/fpl-fixture-ticker/20260927T071539+0000_5c39c2810b59197f.json,True,0.3734007059369663,0.2484791247642565,0.3781201692987771,2.678088134543618,4.024482945795731,2.644661885808677,1.437338269802679,1.4478834937103875,pl_oaw_xg_hl5,0.15319929406303368,-0.14142016929877713
2026-10-10T14:00:00+00:00,GW6,6,odds,Sunderland,Brighton,0.3227,3.1,1.28,0.2611,0.4017,2.49,1.5,0.3196,/root/football-data-cache/oddalerts/fpl-fixture-ticker/20260927T071539+0000_5c39c2810b59197f.json,True,0.303108426008651,0.2643118847275923,0.4325796892637566,3.2991494600399496,3.783409138149916,2.3117127891556426,1.134290422139899,1.408844828951717,pl_oaw_xg_hl5,0.019591573991348976,-0.030879689263756616
2026-10-10T14:00:00+00:00,GW6,6,odds,Ipswich,Fulham,0.3537,2.83,1.39,0.2644,0.3739,2.67,1.49,0.2889,/root/football-data-cache/oddalerts/fpl-fixture-ticker/20260927T071539+0000_5c39c2810b59197f.json,True,0.2549604459659957,0.2529399023866174,0.4920996516473868,3.922177011462283,3.953508286215375,2.032108733774411,1.0504803226076806,1.5634462753015104,pl_oaw_xg_hl5,0.0987395540340043,-0.11819965164738677
2026-10-10T16:30:00+00:00,GW6,6,odds,Man United,Tottenham,0.5616,1.78,2.01,0.3441,0.2104,4.75,1.2,0.1669,/root/football-data-cache/oddalerts/fpl-fixture-ticker/20260927T071539+0000_5c39c2810b59197f.json,True,0.6083561617973203,0.217760259235124,0.1738835789675556,1.6437739317797189,4.592206142261532,5.750974335458019,1.911990221070116,0.910994762517514,pl_oaw_xg_hl5,-0.04675616179732034,0.0365164210324444
2026-10-11T13:00:00+00:00,GW6,6,odds,Crystal Palace,Nott'm Forest,0.3589,2.79,1.27,0.3129,0.3576,2.8,1.3,0.3227,/root/football-data-cache/oddalerts/fpl-fixture-ticker/20260927T071539+0000_5c39c2810b59197f.json,False,,,,,,,,,,,
2026-10-11T13:00:00+00:00,GW6,6,odds,Hull City,Everton,0.2573,3.89,1,0.2683,0.4658,2.15,1.47,0.4084,/root/football-data-cache/oddalerts/fpl-fixture-ticker/20260927T071539+0000_5c39c2810b59197f.json,False,,,,,,,,,,,
2026-10-11T15:30:00+00:00,GW6,6,odds,Liverpool,Man City,0.3684,2.71,1.53,0.2429,0.3754,2.66,1.59,0.2559,/root/football-data-cache/oddalerts/fpl-fixture-ticker/20260927T071539+0000_5c39c2810b59197f.json,False,,,,,,,,,,,
2026-10-12T19:00:00+00:00,GW6,6,model,Coventry City,Newcastle,0.3666,2.73,1.53,0.2401,0.3878,2.58,1.6,0.2553,/root/football-data-cache/oddalerts/fpl-fixture-ticker/20260927T071539+0000_5c39c2810b59197f.json,False,,,,,,,,,,,
2026-10-17T16:30:00+00:00,GW7,7,model,Newcastle,Aston Villa,0.3935,2.54,1.5,0.2803,0.3601,2.78,1.43,0.2621,/root/football-data-cache/oddalerts/fpl-fixture-ticker/20260927T071539+0000_5c39c2810b59197f.json,True,0.3118305152343336,0.2478122463251339,0.4403572384405325,3.206870242472975,4.035313084116041,2.2708835297936036,1.2775684913360987,1.5637421644995624,pl_oaw_xg_hl5,0.08166948476566643,-0.08025723844053251
2026-10-17T14:00:00+00:00,GW7,7,model,Brentford,Liverpool,0.354,2.82,1.48,0.2406,0.4067,2.46,1.6,0.2681,/root/football-data-cache/oddalerts/fpl-fixture-ticker/20260927T071539+0000_5c39c2810b59197f.json,True,0.3388587587178177,0.2469908327572015,0.4141504085249806,2.9510820490042082,4.04873326202769,2.4145817061042023,1.3635043210862587,1.5321990377773609,pl_oaw_xg_hl5,0.015141241282182305,-0.0074504085249805785
2026-10-17T11:30:00+00:00,GW7,7,model,Everton,Chelsea,0.3324,3.01,1.39,0.2404,0.4253,2.35,1.6,0.2902,/root/football-data-cache/oddalerts/fpl-fixture-ticker/20260927T071539+0000_5c39c2810b59197f.json,True,0.4067886972013942,0.2541530112316023,0.3390582915670035,2.4582787252442193,3.9346376230369704,2.949345362941474,1.4538512747336527,1.3053459924192723,pl_oaw_xg_hl5,-0.07438869720139424,0.0862417084329965
2026-10-17T14:00:00+00:00,GW7,7,model,Fulham,Hull,0.5777,1.73,1.91,0.3974,0.2014,4.97,1.03,0.1821,/root/football-data-cache/oddalerts/fpl-fixture-ticker/20260927T071539+0000_5c39c2810b59197f.json,True,0.6977431228369602,0.1821405378885966,0.1201163392744431,1.4331921982033886,5.490265986870173,8.325262042120592,2.222542974878691,0.7987164134316443,pl_original_elo_xg_fallback,-0.12004312283696017,0.0812836607255569
2026-10-17T14:00:00+00:00,GW7,7,model,Man City,Ipswich,0.7551,1.32,2.63,0.4712,0.0962,10.4,0.84,0.0955,/root/football-data-cache/oddalerts/fpl-fixture-ticker/20260927T071539+0000_5c39c2810b59197f.json,True,0.8096847618958104,0.1208387892916075,0.0694764488125821,1.2350485609468334,8.275488407839022,14.393366631296523,2.945411737653433,0.7818096292022522,pl_oaw_xg_hl5,-0.05458476189581041,0.0267235511874179
2026-10-18T15:30:00+00:00,GW7,7,model,Nott'm Forest,Arsenal,0.2186,4.57,0.98,0.2218,0.5399,1.85,1.69,0.4173,/root/football-data-cache/oddalerts/fpl-fixture-ticker/20260927T071539+0000_5c39c2810b59197f.json,False,,,,,,,,,,,
2026-10-18T13:00:00+00:00,GW7,7,model,Bournemouth,Sunderland,0.4607,2.17,1.75,0.2905,0.3061,3.27,1.39,0.2107,/root/football-data-cache/oddalerts/fpl-fixture-ticker/20260927T071539+0000_5c39c2810b59197f.json,False,,,,,,,,,,,
2026-10-18T13:00:00+00:00,GW7,7,model,Brighton,Crystal Palace,0.6455,1.55,2.36,0.3625,0.1691,5.91,1.14,0.1217,/root/football-data-cache/oddalerts/fpl-fixture-ticker/20260927T071539+0000_5c39c2810b59197f.json,False,,,,,,,,,,,
2026-10-18T13:00:00+00:00,GW7,7,model,Leeds,Man Utd,0.3045,3.28,1.31,0.2281,0.4549,2.2,1.66,0.3095,/root/football-data-cache/oddalerts/fpl-fixture-ticker/20260927T071539+0000_5c39c2810b59197f.json,False,,,,,,,,,,,
2026-10-19T19:00:00+00:00,GW7,7,model,Spurs,Coventry City,0.5066,1.97,1.57,0.41,0.2406,4.16,1,0.2458,/root/football-data-cache/oddalerts/fpl-fixture-ticker/20260927T071539+0000_5c39c2810b59197f.json,False,,,,,,,,,,,
2026-10-23T19:00:00+00:00,GW8,8,model,Ipswich Town,Nott'm Forest,0.2949,3.39,1.27,0.2287,0.4634,2.16,1.65,0.3213,/root/football-data-cache/oddalerts/fpl-fixture-ticker/20260927T071539+0000_5c39c2810b59197f.json,False,,,,,,,,,,,
2026-10-24T14:00:00+00:00,GW8,8,model,Arsenal,Everton,0.699,1.43,2.15,0.5189,0.1148,8.71,0.74,0.1473,/root/football-data-cache/oddalerts/fpl-fixture-ticker/20260927T071539+0000_5c39c2810b59197f.json,True,0.7628094135899415,0.149923095325252,0.0872674910848064,1.3109434443051637,6.670086405503709,11.459020851512754,2.53425979945862,0.7401497531798051,pl_oaw_xg_hl5,-0.06380941358994152,0.0275325089151936
2026-10-24T11:30:00+00:00,GW8,8,model,Aston Villa,Man City,0.2407,4.15,1.15,0.1997,0.5282,1.89,1.81,0.3599,/root/football-data-cache/oddalerts/fpl-fixture-ticker/20260927T071539+0000_5c39c2810b59197f.json,True,0.3624369630437694,0.2488627929165658,0.3887002440396648,2.7591004835763284,4.018278458906719,2.572676542744736,1.408279364629064,1.4668790310699278,pl_oaw_xg_hl5,-0.12173696304376938,0.1394997559603352
2026-10-24T16:30:00+00:00,GW8,8,model,Chelsea,Tottenham,0.6205,1.61,2.08,0.407,0.1748,5.72,1.01,0.1563,/root/football-data-cache/oddalerts/fpl-fixture-ticker/20260927T071539+0000_5c39c2810b59197f.json,True,0.4699141173111237,0.2525343889987289,0.2775514936901472,2.128048430896392,3.9598567306610803,3.6029350327200165,1.5511458662236874,1.1318549466242638,pl_oaw_xg_hl5,0.15058588268887635,-0.10275149369014719
2026-10-24T14:00:00+00:00,GW8,8,model,Coventry,Fulham,0.2792,3.58,1.15,0.2483,0.4694,2.13,1.56,0.3599,/root/football-data-cache/oddalerts/fpl-fixture-ticker/20260927T071539+0000_5c39c2810b59197f.json,True,0.2852251705256294,0.2592225034538384,0.4555523260205321,3.5060019357938934,3.857689771050595,2.1951375130393456,1.1129475084830358,1.4779671506729528,pl_original_elo_xg_fallback,-0.0060251705256293975,0.0138476739794679
2026-10-25T14:00:00+00:00,GW8,8,model,Man Utd,Bournemouth,0.5537,1.81,1.96,0.3485,0.2274,4.4,1.18,0.1746,/root/football-data-cache/oddalerts/fpl-fixture-ticker/20260927T071539+0000_5c39c2810b59197f.json,False,,,,,,,,,,,
2026-10-25T14:00:00+00:00,GW8,8,model,Hull City,Brentford,0.2668,3.75,1.23,0.2069,0.4992,2.0,1.77,0.3333,/root/football-data-cache/oddalerts/fpl-fixture-ticker/20260927T071539+0000_5c39c2810b59197f.json,False,,,,,,,,,,,
2026-10-25T14:00:00+00:00,GW8,8,model,Liverpool,Brighton,0.4743,2.11,1.8,0.2905,0.2962,3.38,1.39,0.1998,/root/football-data-cache/oddalerts/fpl-fixture-ticker/20260927T071539+0000_5c39c2810b59197f.json,False,,,,,,,,,,,
2026-10-25T14:00:00+00:00,GW8,8,model,Crystal Palace,Newcastle,0.4288,2.33,1.67,0.2726,0.3354,2.98,1.46,0.2246,/root/football-data-cache/oddalerts/fpl-fixture-ticker/20260927T071539+0000_5c39c2810b59197f.json,False,,,,,,,,,,,
2026-10-25T16:30:00+00:00,GW8,8,model,Sunderland,Leeds,0.466,2.15,1.72,0.3056,0.2978,3.36,1.33,0.2164,/root/football-data-cache/oddalerts/fpl-fixture-ticker/20260927T071539+0000_5c39c2810b59197f.json,False,,,,,,,,,,,
2026-10-31T20:00:00+00:00,GW9,9,model,Aston Villa,Fulham,0.4262,2.35,1.54,0.3103,0.3251,3.08,1.31,0.2539,/root/football-data-cache/oddalerts/fpl-fixture-ticker/20260927T071539+0000_5c39c2810b59197f.json,True,0.5713068501335167,0.2272687978015614,0.2014243520649219,1.7503728508879177,4.400076075877099,4.964643002439377,1.83304059207073,0.9906876447010228,pl_oaw_xg_hl5,-0.14510685013351665,0.1236756479350781
2026-10-31T15:00:00+00:00,GW9,9,model,Bournemouth,Leeds,0.4779,2.09,1.72,0.3199,0.2852,3.51,1.28,0.2158,/root/football-data-cache/oddalerts/fpl-fixture-ticker/20260927T071539+0000_5c39c2810b59197f.json,True,0.5365300824716099,0.2311747097838524,0.2322952077445375,1.8638283903734592,4.32573269340317,4.30486711159247,1.8023521306180093,1.1068540987772628,pl_oaw_xg_hl5,-0.058630082471609946,0.05290479225546252
2026-10-31T15:00:00+00:00,GW9,9,model,Brentford,Nott'm Forest,0.4471,2.24,1.68,0.2926,0.3154,3.17,1.38,0.2232,/root/football-data-cache/oddalerts/fpl-fixture-ticker/20260927T071539+0000_5c39c2810b59197f.json,True,0.4394437641332256,0.2481386201617296,0.3124176157050447,2.2756040285892674,4.030005483822828,3.200843837641043,1.5593740385000718,1.276791089350043,pl_oaw_xg_hl5,0.007656235866774386,0.002982384294955287
2026-10-31T15:00:00+00:00,GW9,9,model,Man City,Brighton,0.5552,1.8,2.05,0.3233,0.2324,4.3,1.27,0.1604,/root/football-data-cache/oddalerts/fpl-fixture-ticker/20260927T071539+0000_5c39c2810b59197f.json,True,0.6319308137091457,0.2019224360013399,0.1661467502895143,1.5824517151339021,4.952396671726782,6.0187755599039905,2.0976463781710653,0.9746016736138668,pl_oaw_xg_hl5,-0.0767308137091457,0.06625324971048568
2026-10-31T12:30:00+00:00,GW9,9,model,Chelsea,Man United,0.3798,2.63,1.56,0.246,0.3832,2.61,1.57,0.2478,/root/football-data-cache/oddalerts/fpl-fixture-ticker/20260927T071539+0000_5c39c2810b59197f.json,True,0.2996541338642819,0.2482864842988592,0.4520593818368588,3.337180726006322,4.027605460780189,2.2120987644072043,1.2354085142971871,1.57347942255175,pl_oaw_xg_hl5,0.08014586613571811,-0.0688593818368588
2026-10-31T15:00:00+00:00,GW9,9,model,Coventry,Sunderland,0.2423,4.13,1.11,0.212,0.521,1.92,1.74,0.3716,/root/football-data-cache/oddalerts/fpl-fixture-ticker/20260927T071539+0000_5c39c2810b59197f.json,True,0.3513324921568045,0.2667645270089656,0.3819029808342298,2.846306624989545,3.7486243437696327,2.6184660769486467,1.242603466574241,1.307306891522669,pl_original_elo_xg_fallback,-0.10903249215680452,0.13909701916577022
2026-10-31T17:30:00+00:00,GW9,9,model,Tottenham,Crystal Palace,0.4314,2.32,1.55,0.3131,0.3205,3.12,1.3,0.2512,/root/football-data-cache/oddalerts/fpl-fixture-ticker/20260927T071539+0000_5c39c2810b59197f.json,True,0.415304865639013,0.2611102938872199,0.3235848404737671,2.407869694619012,3.829799220523742,3.0903796313074485,1.4094340148467612,1.2126403054025563,pl_oaw_xg_hl5,0.01609513436098703,-0.0030848404737671142
2026-10-31T15:00:00+00:00,GW9,9,model,Hull,Ipswich,0.4062,2.46,1.48,0.3035,0.3424,2.92,1.34,0.2676,/root/football-data-cache/oddalerts/fpl-fixture-ticker/20260927T071539+0000_5c39c2810b59197f.json,True,0.3219507152551662,0.2651024926664689,0.4129467920783648,3.1060654709446354,3.772125980188807,2.4216194899274823,1.1811668545756877,1.3742171405403472,pl_original_elo_xg_fallback,0.08424928474483379,-0.07054679207836484
2026-11-01T16:30:00+00:00,GW9,9,model,Liverpool,Arsenal,0.2904,3.44,1.14,0.2666,0.4513,2.22,1.48,0.3631,/root/football-data-cache/oddalerts/fpl-fixture-ticker/20260927T071539+0000_5c39c2810b59197f.json,False,,,,,,,,,,,
2026-11-02T20:00:00+00:00,GW9,9,model,Newcastle,Everton,0.3934,2.54,1.5,0.281,0.36,2.78,1.42,0.2628,/root/football-data-cache/oddalerts/fpl-fixture-ticker/20260927T071539+0000_5c39c2810b59197f.json,False,,,,,,,,,,,
2026-11-06T20:00:00+00:00,GW10,10,model,Everton,Coventry City,0.5771,1.73,1.79,0.4372,0.1924,5.2,0.93,0.2024,/root/football-data-cache/oddalerts/fpl-fixture-ticker/20260927T071539+0000_5c39c2810b59197f.json,False,,,,,,,,,,,
2026-11-07T15:00:00+00:00,GW10,10,model,Arsenal,Hull,0.8013,1.25,2.59,0.5859,0.064,15.62,0.6,0.0991,/root/football-data-cache/oddalerts/fpl-fixture-ticker/20260927T071539+0000_5c39c2810b59197f.json,True,0.867344753543004,0.0887640786892501,0.0438911677677459,1.1529440812492546,11.265818501883539,22.783627113582185,3.3692934686297416,0.7042871457639395,pl_original_elo_xg_fallback,-0.06604475354300399,0.020108832232254098
2026-11-07T15:00:00+00:00,GW10,10,model,Fulham,Newcastle,0.5025,1.99,1.81,0.3233,0.2673,3.74,1.27,0.1984,/root/football-data-cache/oddalerts/fpl-fixture-ticker/20260927T071539+0000_5c39c2810b59197f.json,True,0.4116382670459662,0.2551190523862221,0.3332426805678116,2.42931738872648,3.9197386108431846,3.0008160968340003,1.453700817946187,1.282395212586063,pl_oaw_xg_hl5,0.09086173295403377,-0.0659426805678116
2026-11-07T12:30:00+00:00,GW10,10,model,Leeds,Tottenham,0.5347,1.87,1.75,0.3879,0.2294,4.36,1.06,0.2101,/root/football-data-cache/oddalerts/fpl-fixture-ticker/20260927T071539+0000_5c39c2810b59197f.json,True,0.4511101757441421,0.2582643355916207,0.2906254886642371,2.2167533648524342,3.872001907306495,3.440854429513962,1.4813224474080604,1.13608096881036,pl_oaw_xg_hl5,0.08358982425585787,-0.061225488664237104
2026-11-07T17:30:00+00:00,GW10,10,model,Nott'm Forest,Man City,0.2822,3.54,1.26,0.217,0.4802,2.08,1.71,0.3248,/root/football-data-cache/oddalerts/fpl-fixture-ticker/20260927T071539+0000_5c39c2810b59197f.json,True,0.2356082950861271,0.2289304167624115,0.5354612881514612,4.244332737242752,4.368139516549344,1.8675486391410967,1.1385754637947196,1.829932288579456,pl_oaw_xg_hl5,0.046591704913872906,-0.055261288151461196
2026-11-08T16:30:00+00:00,GW10,10,model,Man Utd,Aston Villa,0.6166,1.62,2.06,0.407,0.177,5.65,1.01,0.159,/root/football-data-cache/oddalerts/fpl-fixture-ticker/20260927T071539+0000_5c39c2810b59197f.json,False,,,,,,,,,,,
2026-11-08T14:00:00+00:00,GW10,10,model,Ipswich Town,Bournemouth,0.2771,3.61,1.27,0.2075,0.4891,2.04,1.76,0.321,/root/football-data-cache/oddalerts/fpl-fixture-ticker/20260927T071539+0000_5c39c2810b59197f.json,False,,,,,,,,,,,
2026-11-08T14:00:00+00:00,GW10,10,model,Brighton,Brentford,0.5241,1.91,2.02,0.2926,0.2607,3.84,1.38,0.1648,/root/football-data-cache/oddalerts/fpl-fixture-ticker/20260927T071539+0000_5c39c2810b59197f.json,False,,,,,,,,,,,
2026-11-08T14:00:00+00:00,GW10,10,model,Sunderland,Chelsea,0.3928,2.55,1.63,0.2441,0.3732,2.68,1.58,0.2343,/root/football-data-cache/oddalerts/fpl-fixture-ticker/20260927T071539+0000_5c39c2810b59197f.json,False,,,,,,,,,,,
2026-11-08T14:00:00+00:00,GW10,10,model,Crystal Palace,Liverpool,0.2487,4.02,1.22,0.1894,0.525,1.9,1.86,0.3372,/root/football-data-cache/oddalerts/fpl-fixture-ticker/20260927T071539+0000_5c39c2810b59197f.json,False,,,,,,,,,,,
2026-11-21T17:30:00+00:00,GW11,11,model,Newcastle,Arsenal,0.155,6.45,0.89,0.1628,0.6402,1.56,2.03,0.4535,/root/football-data-cache/oddalerts/fpl-fixture-ticker/20260927T071539+0000_5c39c2810b59197f.json,True,0.1744575320460558,0.2070772958111239,0.6184651721428203,5.732054032129755,4.8291146360734025,1.6169059229887777,0.9869262528450504,2.0460957174902004,pl_oaw_xg_hl5,-0.019457532046055798,0.021734827857179728
2026-11-21T15:00:00+00:00,GW11,11,model,Aston Villa,Sunderland,0.3837,2.61,1.49,0.2719,0.3708,2.7,1.46,0.265,/root/football-data-cache/oddalerts/fpl-fixture-ticker/20260927T071539+0000_5c39c2810b59197f.json,True,0.6482422169003554,0.2011739943355708,0.1505837887640737,1.5426332533256084,4.970821419054481,6.640821088429011,2.0687884543253654,0.8821345089762259,pl_oaw_xg_hl5,-0.26454221690035545,0.22021621123592633
2026-11-21T15:00:00+00:00,GW11,11,model,Bournemouth,Nott'm Forest,0.4624,2.16,1.68,0.3128,0.2982,3.35,1.3,0.224,/root/football-data-cache/oddalerts/fpl-fixture-ticker/20260927T071539+0000_5c39c2810b59197f.json,True,0.5338650090520869,0.2304225786394519,0.2357124123084612,1.8731326890585451,4.339852482793041,4.24245796055647,1.811892752122825,1.1276430533472628,pl_oaw_xg_hl5,-0.07146500905208691,0.06248758769153881
2026-11-21T15:00:00+00:00,GW11,11,model,Chelsea,Leeds,0.5238,1.91,1.88,0.3306,0.2511,3.98,1.24,0.1866,/root/football-data-cache/oddalerts/fpl-fixture-ticker/20260927T071539+0000_5c39c2810b59197f.json,True,0.4439187825273136,0.2525859277588029,0.3034952897138834,2.2526643146451493,3.9590487438196127,3.294944053144081,1.5232223377261978,1.215422243680436,pl_oaw_xg_hl5,0.07988121747268645,-0.05239528971388341
2026-11-21T15:00:00+00:00,GW11,11,model,Coventry,Crystal Palace,0.3447,2.9,1.32,0.2763,0.4009,2.49,1.44,0.3084,/root/football-data-cache/oddalerts/fpl-fixture-ticker/20260927T071539+0000_5c39c2810b59197f.json,True,0.2934030039575538,0.258242333664614,0.4483546623778321,3.4082813962759175,3.872331797073697,2.2303771632406755,1.144837029345402,1.4783854007928,pl_original_elo_xg_fallback,0.0512969960424462,-0.047454662377832135
2026-11-21T12:30:00+00:00,GW11,11,model,Man City,Fulham,0.652,1.53,2.23,0.4111,0.1568,6.38,1,0.1372,/root/football-data-cache/oddalerts/fpl-fixture-ticker/20260927T071539+0000_5c39c2810b59197f.json,True,0.6779063134775993,0.1849829511123293,0.1371107354100713,1.4751300882124678,5.405903592665459,7.29337492800397,2.2506851864775204,0.9049982820484206,pl_oaw_xg_hl5,-0.025906313477599308,0.0196892645899287
2026-11-21T15:00:00+00:00,GW11,11,model,Tottenham,Ipswich,0.4659,2.15,1.59,0.3448,0.2861,3.5,1.19,0.2417,/root/football-data-cache/oddalerts/fpl-fixture-ticker/20260927T071539+0000_5c39c2810b59197f.json,True,0.608133596582475,0.2238345169373245,0.1680318864802004,1.64437552146386,4.4675862046782004,5.95125140202382,1.83556864863028,0.8441303756834495,pl_oaw_xg_hl5,-0.14223359658247503,0.11806811351979962
2026-11-22T14:00:00+00:00,GW11,11,model,Hull City,Brighton,0.2143,4.67,1.15,0.1672,0.5712,1.75,2,0.358,/root/football-data-cache/oddalerts/fpl-fixture-ticker/20260927T071539+0000_5c39c2810b59197f.json,False,,,,,,,,,,,
2026-11-22T16:30:00+00:00,GW11,11,model,Liverpool,Man Utd,0.4077,2.45,1.55,0.2821,0.3485,2.87,1.42,0.2503,/root/football-data-cache/oddalerts/fpl-fixture-ticker/20260927T071539+0000_5c39c2810b59197f.json,False,,,,,,,,,,,
2026-11-23T20:00:00+00:00,GW11,11,model,Brentford,Everton,0.4959,2.02,1.77,0.328,0.2706,3.7,1.25,0.2064,/root/football-data-cache/oddalerts/fpl-fixture-ticker/20260927T071539+0000_5c39c2810b59197f.json,False,,,,,,,,,,,
